State	Haunted_Places_Year	Audio_Evidence_Count	Visual_Evidence_Count	Haunted_Places_Witness_Count	Morning_Event_Count	Evening_Event_Count	Dusk_Event_Count	Appar_Orb_Count	Appar_Ghost_Count	Appar_UFO_Count	Murder_Event_Count	Death_Event_Count	Supernatural_Event_Count	Avg_Daylight_Hours_In_Year	Binge_Drinking_Rate	Annual_Alcohol_Deaths	Binge_Times_Monthly	Violent_Crime_Per_100k	Percent_Of_Crime_Solved	Homicide_Incidents_Per_100K	Anxiety_Disorder_Count	Attention_Deficit/Hyperactivity_Disorder_Count	Bipolar_Disorder_Count	Primary_Depressive_Disorder_Count	Trauma_And_Stressor_Related_Disorder_Count	Ozone_ppb	SO2_ppb	CO_ppb	PM25_ugm3	PM25_sulfate_ugm3	PM25_nitrate_ugm3	Extreme_Precipitation_Event_Rate	Precipitation_Impact_Rate	Precipitation_Variability
alabama	2025	0	1	0.0	0.0	1.0	0.0	0.0	0.0	0.0	0.0	0.0	0.0	13.25																				
alabama	2023	1	2	0.0	1.0	1.0	0.0	0.0	1.0	0.0	0.0	0.0	1.0	13.125				404.0	37.0	403.9371490630851						28.547639205171496	1.0019554303068172	173.7129374429224	8.799552948798528	12.590283385491404	0.3444464769647696	0.019903048271261	4.602191181317566	1.1648128714993369
alabama	2022	0	0	0.0	1.0	0.0	0.0	0.0	0.0	0.0	0.0	1.0	0.0	13.216666666666669							20178.0	15629.0	11650.0	30545.0	14932.0									
alabama	2021	0	2	0.0	1.0	0.0	0.0	0.0	1.0	0.0	0.0	0.0	0.0	13.208333333333332							19356.0	16003.0	12152.0	31668.0	13867.0									
alabama	2020	1	2	0.0	0.0	0.0	0.0	0.0	0.0	0.0	0.0	2.0	0.0	13.21111111111111							16620.0	15797.0	12055.0	31107.0	13115.0									
alabama	2018	0	0	0.0	0.0	0.0	0.0	0.0	0.0	0.0	0.0	0.0	1.0	13.116666666666667							14132.0	16072.0	12191.0	29520.0	12036.0									
alabama	2017	0	0	0.0	0.0	0.0	0.0	0.0	0.0	0.0	0.0	0.0	0.0	13.2							13683.0	15612.0	12535.0	29660.0	11256.0									
alabama	2015	0	1	0.0	0.0	0.0	0.0	0.0	0.0	0.0	0.0	0.0	0.0	13.216666666666669																				
alaska	2023	0	1	0.0	1.0	0.0	0.0	0.0	1.0	0.0	0.0	1.0	0.0	13.1				726.0	54.0	726.337117503811						24.011658972602746	1.5171415382876712	323.0561221461187	7.021945815001507	3.2726775956284158	0.1471519201228878			
alaska	2015	0	1	0.0	0.0	0.0	0.0	0.0	1.0	0.0	0.0	0.0	1.0	13.1																				
arizona	2023	1	3	0.0	0.0	0.0	0.0	0.0	2.0	0.0	1.0	0.0	0.0	12.911111111111111				409.0	39.0	408.8493279277611						36.6755331211693	0.5581633439171559	286.9695506296824	7.145828154537053	5.042316554389827	0.2802968480972579	0.0	0.0	0.5021742567387963
arizona	2022	0	1	0.0	0.0	0.0	0.0	0.0	0.0	0.0	0.0	0.0	0.0	12.916666666666666							130705.0	44115.0	36904.0	97650.0	95014.0									
arizona	2021	2	1	0.0	0.0	0.0	0.0	0.0	1.0	0.0	0.0	1.0	0.0	12.925							112353.0	37519.0	34750.0	91111.0	86053.0									
arizona	2020	0	1	0.0	0.0	0.0	0.0	0.0	1.0	0.0	1.0	1.0	0.0	12.950000000000001							75605.0	32715.0	30140.0	71674.0	69167.0									
arizona	2019	0	0	0.0	0.0	0.0	0.0	0.0	0.0	0.0	1.0	0.0	0.0	12.916666666666666																				
arizona	2018	1	1	0.0	0.0	0.0	0.0	0.0	1.0	0.0	0.0	0.0	1.0	12.966666666666669							58442.0	34895.0	31378.0	52897.0	23939.0									
arizona	2015	0	1	0.0	0.0	0.0	0.0	0.0	0.0	0.0	0.0	1.0	0.0	12.95																				
arkansas	2025	0	1	0.0	1.0	0.0	0.0	0.0	0.0	0.0	0.0	0.0	0.0	12.883333333333333																				
arkansas	2023	0	1	0.0	0.0	0.0	0.0	0.0	1.0	0.0	1.0	0.0	0.0	13.55				620.0	43.0	619.8716185116562						28.99395961214395	0.44395756753663	419.15036263736266	10.26932336770231	5.784583333333332	0.385331955922865	0.0	0.0	1.9892314716129371
arkansas	2022	1	1	0.0	0.0	0.0	0.0	0.0	1.0	0.0	0.0	0.0	0.0	12.883333333333333							8850.0	3718.0	5940.0	17278.0	12711.0									
arkansas	2019	0	0	0.0	0.0	0.0	0.0	0.0	0.0	0.0	0.0	0.0	0.0	13.55							9168.0	1593.0	6619.0	19300.0	11733.0									
arkansas	2015	1	0	0.0	1.0	0.0	0.0	0.0	0.0	0.0	0.0	0.0	1.0	12.883333333333333																				
california	2025	5	7	0.0	3.0	0.0	0.0	0.0	1.0	0.0	2.0	0.0	0.0	13.027777777777779																				
california	2024	3	4	0.0	1.0	0.0	0.0	0.0	2.0	0.0	0.0	2.0	1.0	12.983333333333334																				
california	2023	1	2	0.0	2.0	0.0	0.0	0.0	1.0	0.0	0.0	1.0	3.0	12.936666666666667				508.0	40.0	508.2382114724801						31.20255628519738	0.4264528115693408	302.2217322981171	7.85214616864198	7.709148533850392	1.023528720528589	0.0	0.0	0.0902628039601585
california	2022	0	3	0.0	2.0	0.0	0.0	0.0	1.0	0.0	1.0	1.0	0.0	13.043333333333333							99690.0	34247.0	42613.0	143057.0	100109.0									
california	2021	1	2	0.0	1.0	0.0	0.0	0.0	0.0	0.0	1.0	1.0	0.0	13.02222222222222							104946.0	40217.0	48512.0	165399.0	108134.0									
california	2020	1	6	0.0	6.0	1.0	0.0	0.0	3.0	0.0	0.0	0.0	2.0	12.991666666666665							106258.0	43205.0	54443.0	186694.0	111713.0									
california	2019	0	7	0.0	3.0	0.0	0.0	0.0	3.0	0.0	0.0	1.0	1.0	13.102380952380953							115265.0	48786.0	62442.0	201222.0	119768.0									
california	2018	1	1	0.0	1.0	0.0	0.0	0.0	0.0	0.0	0.0	1.0	0.0	13.266666666666666							109851.0	49731.0	60943.0	183968.0	110623.0									
california	2017	1	4	0.0	4.0	0.0	0.0	0.0	3.0	0.0	1.0	2.0	2.0	13.146666666666667							89332.0	46443.0	51842.0	146524.0	95845.0									
california	2016	1	5	0.0	1.0	0.0	0.0	0.0	3.0	0.0	0.0	0.0	5.0	12.973333333333334																				
california	2015	1	0	0.0	1.0	0.0	0.0	0.0	0.0	0.0	0.0	0.0	0.0	12.855555555555554																				
colorado	2023	0	0	0.0	1.0	0.0	0.0	0.0	0.0	0.0	0.0	0.0	1.0					474.0	47.0	473.9851742459946						39.71197258727561	1.316279561033882	291.0334097331435	6.365334237034678	4.428815725762446	0.4585417653512695	0.017319874174578	1.638808524071334	0.4539480720921278
colorado	2021	0	0	0.0	1.0	0.0	0.0	0.0	0.0	0.0	0.0	1.0	0.0								31382.0	10932.0	17107.0	43965.0	45158.0									
colorado	2018	0	1	0.0	1.0	0.0	0.0	0.0	1.0	0.0	1.0	0.0	0.0								29735.0	11122.0	17478.0	46695.0	46287.0									
connecticut	2025	0	2	0.0	0.0	0.0	0.0	0.0	2.0	0.0	1.0	0.0	1.0																					
connecticut	2023	0	1	0.0	0.0	0.0	0.0	0.0	0.0	0.0	0.0	1.0	0.0					150.0	46.0	150.2276914366346						31.030181186829434	0.1238747170651722	257.5082898430286	8.164240877395116	4.314529914529914	0.6469173553719009	0.0277319891823056	8.994589038265708	2.430850016861916
connecticut	2022	0	1	0.0	1.0	0.0	0.0	0.0	0.0	0.0	0.0	1.0	0.0								10931.0	2261.0	7197.0	15206.0	10323.0									
connecticut	2021	0	1	0.0	0.0	0.0	0.0	0.0	0.0	0.0	0.0	0.0	0.0								10240.0	2140.0	7047.0	14445.0	9639.0									
connecticut	2019	0	2	0.0	2.0	0.0	0.0	0.0	1.0	0.0	0.0	0.0	0.0								11014.0	2364.0	8305.0	15973.0	10152.0									
connecticut	2018	1	1	0.0	0.0	0.0	0.0	0.0	1.0	0.0	1.0	0.0	0.0								17621.0	11549.0	9039.0	22978.0	21262.0									
connecticut	2016	1	0	0.0	0.0	0.0	0.0	0.0	0.0	0.0	0.0	0.0	0.0																					
delaware	2020	0	0	0.0	0.0	0.0	0.0	0.0	0.0	0.0	0.0	1.0	0.0								1357.0	644.0	2006.0	3386.0	1399.0									
delaware	2015	1	1	0.0	1.0	0.0	0.0	0.0	1.0	0.0	0.0	0.0	0.0																					
florida	2025	1	0	0.0	1.0	0.0	0.0	0.0	0.0	0.0	0.0	0.0	1.0	13.2																				
florida	2024	0	0	0.0	0.0	0.0	0.0	0.0	0.0	0.0	0.0	1.0	0.0	13.216666666666669																				
florida	2023	0	2	0.0	2.0	0.0	0.0	0.0	1.0	0.0	0.0	0.0	2.0	13.166666666666666				290.0	30.0	290.2206678370257						29.308728595603675	0.8501887609245038	283.7966060766087	7.616355088607086	9.03189894919999	0.3212045333333333	0.0046429163234584	1.2521002231989165	0.3791046454191092
florida	2022	0	1	0.0	0.0	0.0	0.0	0.0	0.0	0.0	0.0	1.0	0.0	12.850000000000001							33119.0	17686.0	38885.0	90906.0	55853.0									
florida	2020	1	3	0.0	1.0	0.0	0.0	0.0	3.0	0.0	0.0	0.0	1.0	13.066666666666668							21146.0	13996.0	32586.0	76893.0	44033.0									
florida	2019	1	2	0.0	1.0	0.0	0.0	0.0	2.0	0.0	0.0	1.0	1.0	13.100000000000001							14323.0	10481.0	23368.0	52772.0	28784.0									
florida	2017	0	0	0.0	0.0	0.0	0.0	0.0	0.0	0.0	0.0	0.0	2.0	13.208333333333332							14642.0	15316.0	29113.0	55025.0	34978.0									
georgia	2023	1	3	0.0	1.0	0.0	0.0	0.0	2.0	0.0	0.0	0.0	2.0	12.733333333333334				352.0	31.0	351.79255989563						28.082805802998514	1.3075019210375944	468.7642486301369	10.050403799932962	9.139986329058068	0.3086429981634527	0.0	0.0	0.4154518060328938
georgia	2022	1	2	0.0	1.0	0.0	0.0	0.0	2.0	0.0	0.0	0.0	2.0	12.577777777777778							30835.0	9899.0	23716.0	40135.0	23577.0									
georgia	2021	1	4	0.0	3.0	0.0	0.0	0.0	3.0	0.0	0.0	1.0	0.0	12.654166666666667							31509.0	10587.0	24634.0	41428.0	24163.0									
georgia	2019	1	0	0.0	0.0	0.0	0.0	0.0	0.0	0.0	0.0	0.0	1.0	12.75																				
georgia	2017	1	0	0.0	0.0	0.0	0.0	0.0	0.0	0.0	0.0	1.0	0.0	12.8																				
georgia	2015	2	1	0.0	0.0	0.0	0.0	0.0	0.0	0.0	0.0	0.0	1.0	12.75																				
hawaii	2025	0	1	0.0	0.0	0.0	0.0	0.0	1.0	0.0	0.0	0.0	1.0																					
hawaii	2023	0	1	0.0	1.0	0.0	0.0	0.0	0.0	0.0	0.0	0.0	0.0	12.8				187.0	37.0	187.0900220048525						22.243783170254403	1.3598264401101563	110.26098786630038	3.2684729477910093	1.4379166666666667	0.0979696969696969			
hawaii	2022	1	0	0.0	1.0	0.0	0.0	0.0	0.0	0.0	0.0	0.0	0.0	12.5							864.0	525.0	840.0	1686.0	3142.0									
hawaii	2019	2	2	0.0	1.0	0.0	0.0	0.0	1.0	0.0	0.0	0.0	0.0	12.533333333333333							555.0	461.0	1162.0	2133.0	2538.0									
hawaii	2017	0	0	0.0	1.0	0.0	0.0	0.0	0.0	0.0	0.0	0.0	0.0	12.866666666666667							690.0	525.0	1577.0	2449.0	2567.0									
idaho	2025	0	0	0.0	1.0	0.0	0.0	0.0	0.0	0.0	0.0	1.0	0.0	12.641666666666666																				
idaho	2024	0	1	0.0	1.0	0.0	0.0	0.0	1.0	0.0	0.0	0.0	1.0	12.633333333333333																				
illinois	2025	0	1	0.0	0.0	0.0	0.0	0.0	1.0	0.0	0.0	0.0	0.0	12.983333333333334																				
illinois	2024	1	1	0.0	1.0	0.0	0.0	0.0	1.0	0.0	0.0	0.0	1.0	13.283333333333331																				
illinois	2022	2	2	0.0	1.0	0.0	0.0	0.0	1.0	0.0	0.0	2.0	1.0	13.087499999999999							6101.0	1682.0	4441.0	7936.0	4847.0									
illinois	2020	0	3	0.0	1.0	0.0	0.0	0.0	1.0	0.0	1.0	0.0	2.0	13.227777777777776							8087.0	4199.0	6109.0	11333.0	8304.0									
illinois	2019	0	1	0.0	1.0	0.0	0.0	0.0	0.0	0.0	0.0	0.0	1.0	12.35							8751.0	4783.0	7438.0	13340.0	8884.0									
illinois	2016	0	0	0.0	1.0	0.0	0.0	0.0	0.0	0.0	0.0	0.0	1.0	12.783333333333331																				
illinois	2015	0	3	0.0	0.0	0.0	0.0	0.0	0.0	0.0	0.0	0.0	0.0	13.177777777777777																				
indiana	2025	0	1	0.0	0.0	0.0	0.0	0.0	1.0	0.0	0.0	0.0	0.0	12.366666666666667																				
indiana	2023	2	2	0.0	2.0	0.0	0.0	0.0	1.0	0.0	0.0	1.0	3.0	13.054166666666667				332.0	39.0	332.1675748546493						29.88199395467104	0.8213020446697828	316.5854957990868	10.432549738040692		1.2623333333333335	0.0	0.0	0.5319424548469817
indiana	2022	1	3	0.0	2.0	0.0	0.0	0.0	1.0	0.0	0.0	1.0	2.0	13.095833333333333							59176.0	26263.0	13936.0	55223.0	34379.0									
indiana	2021	0	2	0.0	1.0	0.0	0.0	0.0	1.0	0.0	1.0	0.0	0.0	13.094444444444443							55226.0	26060.0	14527.0	54816.0	32663.0									
indiana	2020	0	1	0.0	1.0	0.0	0.0	0.0	0.0	0.0	1.0	0.0	0.0	12.858333333333334							50744.0	27236.0	13983.0	51609.0	31335.0									
indiana	2019	1	2	0.0	1.0	0.0	0.0	0.0	2.0	0.0	1.0	0.0	1.0	13.308333333333334							46771.0	27830.0	14279.0	50188.0	29310.0									
indiana	2016	0	0	0.0	1.0	0.0	0.0	0.0	0.0	0.0	0.0	0.0	0.0	13.25																				
iowa	2025	1	1	0.0	1.0	0.0	0.0	0.0	0.0	0.0	0.0	0.0	1.0	13.233333333333333																				
iowa	2024	0	0	0.0	1.0	0.0	0.0	0.0	0.0	0.0	0.0	0.0	0.0	13.133333333333333																				
iowa	2021	0	2	0.0	0.0	0.0	0.0	0.0	1.0	0.0	0.0	1.0	1.0	13.183333333333332							100821.0	40064.0	18288.0	78806.0	44537.0									
iowa	2020	0	1	0.0	0.0	0.0	0.0	0.0	0.0	0.0	0.0	0.0	0.0	13.15							22781.0	7142.0	6503.0	20862.0	4716.0									
iowa	2019	1	2	0.0	3.0	0.0	0.0	0.0	0.0	0.0	0.0	1.0	1.0	13.27222222222222							88716.0	41416.0	18508.0	78292.0	45956.0									
iowa	2018	0	1	0.0	0.0	0.0	0.0	0.0	1.0	0.0	0.0	0.0	0.0	13.166666666666666							51637.0	34304.0	16977.0	58865.0	38109.0									
iowa	2015	0	0	0.0	1.0	0.0	0.0	0.0	0.0	0.0	0.0	0.0	1.0	13.283333333333331																				
kansas	2025	1	1	0.0	0.0	0.0	0.0	0.0	0.0	0.0	1.0	1.0	0.0	13.375																				
kansas	2023	1	2	0.0	0.0	0.0	0.0	0.0	0.0	0.0	1.0	0.0	0.0	13.166666666666666				430.0	47.0	429.6821066563828						32.118789149009345	0.0761599903627791	142.01241554054056	9.33236153257327	5.638429752066116	0.7092520661157026	0.0	0.0	0.8144220510610011
kansas	2021	0	0	0.0	0.0	0.0	0.0	0.0	0.0	0.0	0.0	1.0	0.0	13.266666666666667							18271.0	6420.0	5510.0	22416.0	15341.0									
kansas	2020	0	0	0.0	0.0	1.0	0.0	0.0	0.0	0.0	0.0	1.0	0.0								33226.0	15678.0	15837.0	47536.0	30710.0									
kansas	2019	1	0	0.0	1.0	0.0	0.0	0.0	0.0	0.0	0.0	0.0	0.0	13.3																				
kansas	2015	1	1	0.0	0.0	0.0	0.0	0.0	0.0	0.0	0.0	0.0	1.0	13.283333333333331																				
kentucky	2025	1	1	0.0	0.0	0.0	0.0	0.0	0.0	0.0	0.0	0.0	0.0	13.216666666666667																				
kentucky	2024	0	2	0.0	1.0	0.0	0.0	0.0	2.0	0.0	0.0	0.0	2.0	13.316666666666666																				
kentucky	2023	1	0	0.0	0.0	0.0	0.0	0.0	0.0	0.0	1.0	0.0	1.0	13.358333333333333				224.0	40.0	224.3184831978762						31.53269212315948	0.760181297462782	280.9838315525114	9.136966479939538	6.17909090909091	0.6948677685950413	0.0	0.0	0.7623788263003004
kentucky	2022	0	1	0.0	0.0	0.0	0.0	0.0	0.0	0.0	0.0	1.0	1.0	13.405555555555557							40654.0	17770.0	11741.0	42501.0	36274.0									
kentucky	2021	0	2	0.0	0.0	0.0	0.0	0.0	0.0	0.0	0.0	0.0	0.0	13.366666666666667							38004.0	17628.0	12206.0	42939.0	34491.0									
kentucky	2020	0	1	0.0	0.0	0.0	0.0	0.0	0.0	0.0	0.0	1.0	1.0	13.233333333333334							37285.0	19407.0	12060.0	43161.0	35462.0									
kentucky	2019	2	2	0.0	2.0	0.0	0.0	0.0	0.0	0.0	1.0	1.0	1.0	13.225000000000001							38904.0	20599.0	13113.0	46032.0	36048.0									
kentucky	2018	1	2	0.0	1.0	0.0	0.0	0.0	0.0	0.0	1.0	0.0	0.0	13.308333333333334							38811.0	20668.0	13798.0	47460.0	33795.0									
kentucky	2017	0	0	0.0	0.0	0.0	0.0	0.0	0.0	0.0	0.0	0.0	1.0								37717.0	20689.0	13618.0	45896.0	31077.0									
louisiana	2023	0	1	0.0	1.0	0.0	0.0	0.0	1.0	0.0	0.0	1.0	0.0	13.15				548.0	38.0	548.0187041309						27.86780436340949	0.9042991352342964	310.7402896253602	9.496552075065829	9.30782952530569	0.3951708333333333	0.0214695614219462	4.989744124693496	1.196255978880785
louisiana	2019	0	1	0.0	0.0	0.0	0.0	0.0	1.0	0.0	0.0	0.0	1.0	13.1							2924.0	2118.0	3406.0	7626.0	1603.0									
louisiana	2018	1	0	0.0	0.0	0.0	0.0	0.0	0.0	0.0	0.0	0.0	0.0	13.05							3974.0	2457.0	3858.0	9291.0	1935.0									
louisiana	2017	0	1	0.0	0.0	0.0	0.0	0.0	0.0	0.0	1.0	0.0	0.0	13.233333333333333							4271.0	2729.0	4578.0	9909.0	2430.0									
louisiana	2015	1	1	0.0	1.0	0.0	0.0	0.0	0.0	0.0	0.0	0.0	0.0	13.133333333333333																				
maine	2023	1	1	0.0	1.0	0.0	0.0	0.0	0.0	0.0	0.0	0.0	1.0	13.175				102.0	54.0	102.4559332015975						29.6742709565702	0.0476504964307458	176.6205966117216	5.727165380009501	5.245154434925209	0.1597757575757575	0.0	0.0	3.552040589748321
maryland	2025	0	1	0.0	0.0	0.0	0.0	0.0	0.0	0.0	0.0	1.0	0.0	12.966666666666669																				
maryland	2022	0	1	0.0	1.0	0.0	0.0	0.0	1.0	0.0	1.0	0.0	0.0	12.991666666666667							51590.0	32599.0	30289.0	69090.0	42465.0									
maryland	2019	0	1	0.0	0.0	0.0	0.0	0.0	1.0	0.0	0.0	0.0	1.0	13.45							45785.0	34889.0	28827.0	66739.0	41013.0									
maryland	2018	2	1	0.0	1.0	0.0	0.0	0.0	0.0	0.0	0.0	0.0	0.0	16.541666666666668							41600.0	33336.0	27611.0	61451.0	38042.0									
maryland	2017	0	1	0.0	1.0	0.0	0.0	0.0	1.0	0.0	0.0	0.0	1.0	12.916666666666666							36753.0	31484.0	26032.0	57315.0	34604.0									
maryland	2015	1	1	0.0	0.0	0.0	0.0	0.0	1.0	0.0	0.0	0.0	1.0	12.65																				
massachusetts	2025	1	1	0.0	2.0	0.0	0.0	0.0	1.0	0.0	0.0	0.0	2.0	12.958333333333332																				
massachusetts	2024	0	0	0.0	0.0	0.0	0.0	0.0	0.0	0.0	1.0	0.0	0.0	12.833333333333334																				
massachusetts	2023	1	1	0.0	0.0	0.0	0.0	0.0	0.0	0.0	0.0	0.0	0.0	12.883333333333333				314.0	50.0	314.1943488722754						29.65955272847133	0.2642949484901262	289.20589584474885	7.185204285877843	4.714462809917356	0.5168239669421487	0.0	0.0	0.9824937720331772
massachusetts	2022	3	3	0.0	3.0	0.0	0.0	0.0	1.0	0.0	0.0	2.0	0.0	13.138888888888888							2693.0	845.0	2518.0	3026.0	2009.0									
massachusetts	2021	0	1	0.0	1.0	0.0	0.0	0.0	1.0	0.0	0.0	0.0	1.0	13.0							2703.0	846.0	2519.0	3027.0	2004.0									
massachusetts	2020	1	2	0.0	2.0	0.0	0.0	0.0	1.0	0.0	0.0	0.0	0.0	13.225000000000001							1411.0	480.0	1498.0	1643.0	1136.0									
massachusetts	2019	0	1	0.0	0.0	0.0	0.0	0.0	0.0	0.0	0.0	0.0	0.0	12.833333333333334							1921.0	728.0	1755.0	2191.0	1467.0									
massachusetts	2018	2	5	0.0	2.0	0.0	0.0	0.0	2.0	0.0	2.0	1.0	2.0	13.108333333333334							2071.0	752.0	1933.0	2413.0	1594.0									
massachusetts	2017	1	1	0.0	0.0	0.0	0.0	0.0	1.0	0.0	0.0	0.0	2.0	13.15							2116.0	881.0	2355.0	3402.0	2878.0									
massachusetts	2016	0	2	0.0	1.0	0.0	0.0	0.0	2.0	0.0	0.0	0.0	2.0	13.033333333333333																				
michigan	2025	2	4	0.0	0.0	0.0	0.0	0.0	3.0	0.0	2.0	0.0	0.0	13.304166666666667																				
michigan	2024	0	0	0.0	0.0	0.0	0.0	0.0	0.0	0.0	0.0	0.0	1.0	13.35																				
michigan	2023	0	2	0.0	1.0	0.0	0.0	0.0	0.0	0.0	0.0	0.0	1.0	13.316666666666666				457.0	45.0	457.17651458899						30.18602429392447	1.0015005218694923	422.22009412189993	11.196730188186232	4.866528925619835	1.03371062992126	0.0099232624193846	2.067217128225718	0.523035279563688
michigan	2022	1	0	0.0	0.0	0.0	0.0	0.0	0.0	0.0	0.0	0.0	0.0	13.299999999999999							57651.0	32421.0	40461.0	81454.0	54487.0									
michigan	2021	1	1	0.0	2.0	0.0	0.0	0.0	1.0	0.0	1.0	1.0	0.0	13.238888888888889							59203.0	35212.0	41958.0	84792.0	54737.0									
michigan	2020	1	1	0.0	1.0	0.0	0.0	0.0	1.0	0.0	0.0	0.0	0.0	13.216666666666667							45728.0	28337.0	32610.0	61288.0	40538.0									
michigan	2019	2	1	0.0	1.0	0.0	0.0	0.0	0.0	0.0	0.0	0.0	0.0	13.391666666666667							50728.0	30755.0	36492.0	71115.0	43441.0									
michigan	2018	0	1	0.0	0.0	0.0	0.0	0.0	0.0	0.0	0.0	0.0	0.0	13.3							47112.0	29339.0	35795.0	66177.0	35534.0									
michigan	2017	1	3	0.0	1.0	0.0	0.0	0.0	0.0	0.0	1.0	1.0	0.0	13.294444444444444							33832.0	21957.0	27955.0	47211.0	23547.0									
michigan	2016	1	0	0.0	1.0	0.0	0.0	0.0	0.0	0.0	0.0	0.0	0.0	13.35																				
michigan	2015	1	1	0.0	0.0	0.0	0.0	0.0	0.0	0.0	0.0	0.0	1.0	13.283333333333331																				
minnesota	2024	0	2	0.0	2.0	0.0	0.0	0.0	1.0	0.0	2.0	0.0	0.0																					
minnesota	2022	0	1	0.0	1.0	0.0	0.0	0.0	0.0	0.0	0.0	0.0	0.0								177155.0	54182.0	25215.0	137173.0	123052.0									
minnesota	2021	2	2	0.0	0.0	0.0	0.0	0.0	2.0	0.0	0.0	0.0	2.0								151391.0	48481.0	24054.0	123699.0	105488.0									
minnesota	2020	0	0	0.0	0.0	0.0	0.0	0.0	0.0	0.0	0.0	1.0	0.0								147723.0	48537.0	24956.0	126047.0	107509.0									
minnesota	2018	1	0	0.0	1.0	0.0	0.0	0.0	0.0	0.0	0.0	0.0	1.0								126747.0	46690.0	29121.0	121457.0	101001.0									
minnesota	2015	1	1	0.0	0.0	0.0	0.0	0.0	0.0	0.0	0.0	0.0	0.0																					
mississippi	2025	0	1	0.0	0.0	0.0	0.0	0.0	0.0	0.0	0.0	0.0	0.0																					
mississippi	2022	1	1	0.0	0.0	0.0	0.0	0.0	0.0	0.0	0.0	0.0	0.0								22950.0	22028.0	12248.0	33402.0	18016.0									
mississippi	2019	1	1	0.0	1.0	0.0	0.0	0.0	0.0	0.0	0.0	0.0	0.0								14297.0	17703.0	10522.0	25558.0	11476.0									
mississippi	2016	0	1	0.0	1.0	0.0	0.0	0.0	1.0	0.0	0.0	0.0	1.0																					
missouri	2025	0	2	0.0	0.0	0.0	0.0	0.0	1.0	0.0	1.0	0.0	0.0																					
missouri	2024	0	1	0.0	0.0	0.0	0.0	0.0	0.0	0.0	0.0	0.0	1.0																					
missouri	2023	1	1	0.0	1.0	0.0	0.0	0.0	1.0	0.0	0.0	0.0	0.0					459.0	38.0	458.6553340490459						32.23095746849545	4.374995727556976	280.92907785388127	9.218277425059496	6.8273109243697485	0.7197256097560976	0.0162471833476768	2.456244101256996	0.5828507206023743
missouri	2022	2	2	0.0	1.0	0.0	0.0	0.0	0.0	0.0	0.0	0.0	1.0								27030.0	10732.0	14555.0	32197.0	15486.0									
missouri	2021	1	4	0.0	0.0	1.0	0.0	0.0	1.0	0.0	0.0	0.0	4.0								28616.0	10435.0	14626.0	37806.0	16459.0									
missouri	2020	0	1	0.0	0.0	0.0	0.0	0.0	0.0	0.0	0.0	0.0	1.0								10941.0	7338.0	13217.0	25149.0	6641.0									
missouri	2019	2	2	0.0	1.0	0.0	0.0	0.0	1.0	0.0	0.0	1.0	1.0								12551.0	8516.0	15628.0	27659.0	7085.0									
missouri	2018	1	3	0.0	2.0	0.0	0.0	0.0	2.0	0.0	0.0	2.0	1.0								11388.0	7825.0	15301.0	25768.0	6152.0									
missouri	2017	0	3	0.0	0.0	1.0	0.0	0.0	2.0	0.0	1.0	1.0	1.0								11101.0	7779.0	16096.0	24994.0	5627.0									
missouri	2016	0	1	0.0	0.0	0.0	0.0	0.0	1.0	0.0	0.0	0.0	1.0																					
missouri	2015	1	2	0.0	0.0	0.0	0.0	0.0	1.0	0.0	0.0	0.0	0.0																					
montana	2023	0	1	0.0	0.0	0.0	0.0	0.0	1.0	0.0	0.0	1.0	0.0	13.041666666666668				442.0	57.0	441.9974364678341						31.73657342853063	1.1275493336814668	166.3417041198502	7.018923053374402	8.404762155932572	0.2884889839958022	0.0922317784592681	16.249365906523092	3.916050400501186
montana	2015	0	1	0.0	0.0	0.0	0.0	0.0	0.0	0.0	0.0	0.0	1.0	13.05																				
nebraska	2025	0	1	0.0	1.0	0.0	0.0	0.0	1.0	0.0	0.0	0.0	0.0	12.966666666666669																				
nebraska	2016	1	0	0.0	1.0	0.0	0.0	0.0	0.0	0.0	0.0	0.0	1.0	12.733333333333334																				
nevada	2022	0	1	0.0	0.0	0.0	0.0	0.0	0.0	0.0	0.0	1.0	0.0	12.766666666666667							1673.0	474.0	907.0	1824.0	1417.0									
nevada	2020	0	0	0.0	0.0	0.0	0.0	0.0	0.0	0.0	1.0	0.0	0.0	12.666666666666666							2236.0	666.0	1123.0	2395.0	1929.0									
nevada	2018	0	0	0.0	1.0	0.0	0.0	0.0	0.0	0.0	0.0	0.0	0.0	12.733333333333333							1984.0	572.0	1043.0	2180.0	1927.0									
nevada	2017	0	1	0.0	0.0	0.0	0.0	0.0	1.0	0.0	0.0	0.0	1.0	12.783333333333331							2053.0	652.0	1163.0	2379.0	2020.0									
new hampshire	2025	0	2	0.0	0.0	0.0	0.0	0.0	1.0	0.0	0.0	0.0	1.0	13.625																				
new hampshire	2024	1	1	0.0	1.0	0.0	0.0	0.0	1.0	0.0	0.0	0.0	0.0	13.683333333333334																				
new hampshire	2023	0	0	0.0	1.0	0.0	0.0	0.0	0.0	0.0	0.0	0.0	1.0					107.0	46.0	107.199865340422						30.097187163544746	0.4338857183748207	154.81150877192982	5.837930347630746	3.674517906336088	0.2351528925619835	0.0725937530171778	15.153945942335875	3.341765347494074
new hampshire	2019	1	1	0.0	0.0	0.0	0.0	0.0	0.0	0.0	0.0	1.0	0.0	13.158333333333333																				
new jersey	2024	0	0	0.0	1.0	0.0	0.0	0.0	0.0	0.0	0.0	0.0	1.0	13.116666666666667																				
new jersey	2023	2	3	0.0	1.0	0.0	0.0	0.0	2.0	0.0	0.0	1.0	2.0	12.933333333333334				221.0	48.0	221.3362600866811						27.554020071789346	0.442391083651785	374.95069804414	9.068394688786796	7.396638655462185	0.9515621951219512	0.0107654284199128	2.628919722765457	0.6677990184997218
new jersey	2022	1	2	0.0	1.0	0.0	0.0	0.0	1.0	0.0	0.0	0.0	2.0	12.991666666666667							33537.0	23075.0	29314.0	76813.0	61155.0									
new jersey	2019	0	2	0.0	0.0	0.0	0.0	0.0	0.0	0.0	0.0	0.0	0.0	13.008333333333335							35494.0	25887.0	32537.0	80766.0	61652.0									
new jersey	2018	0	0	0.0	0.0	0.0	0.0	0.0	0.0	0.0	0.0	0.0	1.0	13.1							34780.0	25875.0	33132.0	80702.0	60238.0									
new jersey	2016	1	2	0.0	0.0	0.0	0.0	0.0	1.0	0.0	0.0	1.0	1.0	12.933333333333334																				
new jersey	2015	1	1	0.0	0.0	0.0	0.0	0.0	0.0	0.0	0.0	0.0	1.0	13.008333333333333																				
new mexico	2023	0	2	0.0	1.0	0.0	0.0	0.0	2.0	0.0	1.0	0.0	2.0	13.261111111111111				749.0	29.0	749.3481512941675						35.31795710133112	24.975660094465677	214.04902374429224	5.81205835322014	3.345779220779221	0.2122420634920635	0.0	0.0	0.6382187939658397
new mexico	2022	1	0	0.0	0.0	0.0	0.0	0.0	0.0	0.0	0.0	0.0	0.0	13.233333333333333							54038.0	14126.0	13166.0	41275.0	49627.0									
new mexico	2021	1	1	0.0	0.0	0.0	0.0	0.0	1.0	0.0	0.0	0.0	0.0	13.316666666666666							49994.0	13226.0	12703.0	41449.0	47046.0									
new mexico	2019	4	2	0.0	1.0	0.0	0.0	0.0	1.0	0.0	0.0	0.0	1.0	13.245833333333334							43900.0	13670.0	12513.0	40548.0	48103.0									
new york	2023	1	3	0.0	1.0	0.0	0.0	0.0	0.0	0.0	0.0	0.0	2.0	13.333333333333334				390.0	58.0	389.8480298822515						29.60486922827281	0.5950909614477138	250.49816958503567	8.784326001071165	8.03622348894252	0.9595501770956316	0.0	0.0	0.1916918493338251
new york	2022	0	1	0.0	0.0	0.0	0.0	0.0	0.0	0.0	0.0	0.0	0.0	13.733333333333333																				
new york	2021	1	1	0.0	1.0	0.0	0.0	0.0	0.0	0.0	0.0	1.0	1.0	13.058333333333334																				
new york	2020	1	1	0.0	1.0	1.0	0.0	0.0	1.0	0.0	0.0	1.0	1.0	13.425																				
new york	2019	0	4	0.0	0.0	1.0	0.0	0.0	2.0	0.0	1.0	0.0	2.0	13.283333333333331																				
new york	2018	1	2	0.0	1.0	0.0	0.0	0.0	0.0	0.0	1.0	2.0	1.0	13.354166666666668																				
new york	2017	2	3	0.0	1.0	0.0	0.0	0.0	1.0	0.0	0.0	1.0	3.0	13.403333333333332																				
new york	2016	0	0	0.0	0.0	0.0	0.0	0.0	0.0	0.0	0.0	0.0	1.0	13.266666666666667																				
new york	2015	0	0	0.0	0.0	0.0	0.0	0.0	1.0	0.0	0.0	0.0	1.0	13.366666666666667																				
north carolina	2023	0	1	0.0	0.0	0.0	0.0	0.0	0.0	0.0	0.0	0.0	1.0	13.216666666666667				391.0	35.0	391.3805105832306						30.291801524910973	0.1483128762810321	305.46489075342464	8.55514610351367	6.769796773194445	0.3263128099173553	0.0	0.0	0.4214172834168191
north carolina	2021	0	0	0.0	1.0	0.0	0.0	0.0	1.0	0.0	0.0	1.0	0.0	13.216666666666669							21354.0	4872.0	18096.0	37561.0	22933.0									
north carolina	2020	0	1	0.0	1.0	0.0	0.0	0.0	0.0	0.0	1.0	0.0	0.0	13.283333333333335							22488.0	5430.0	19466.0	41645.0	24647.0									
north carolina	2018	0	0	0.0	0.0	0.0	0.0	0.0	0.0	0.0	0.0	0.0	0.0	13.116666666666667							21286.0	6321.0	19576.0	39025.0	21503.0									
north carolina	2017	1	1	0.0	1.0	0.0	0.0	0.0	1.0	0.0	0.0	2.0	0.0	13.233333333333334							25412.0	8994.0	30223.0	54752.0	25582.0									
north carolina	2016	0	2	0.0	1.0	0.0	0.0	0.0	1.0	0.0	0.0	1.0	1.0	13.241666666666667																				
north carolina	2015	1	3	0.0	1.0	0.0	0.0	0.0	2.0	0.0	1.0	0.0	0.0	13.255555555555555																				
ohio	2025	1	1	0.0	1.0	0.0	0.0	0.0	0.0	0.0	0.0	2.0	0.0	13.283333333333333																				
ohio	2023	1	1	0.0	0.0	0.0	0.0	0.0	1.0	0.0	0.0	1.0	0.0	13.166666666666666				287.0	30.0	286.527967445943						30.646936101382565	0.6837283809920566	248.74582586139888	10.480536489979926	7.6849542114270815	1.160174555472076	0.0	0.0	0.3631482362962021
ohio	2022	0	1	0.0	1.0	0.0	0.0	0.0	0.0	0.0	0.0	0.0	0.0	13.241666666666667							21400.0	10547.0	7801.0	22226.0	25276.0									
ohio	2020	4	0	0.0	2.0	1.0	0.0	0.0	1.0	0.0	2.0	1.0	0.0	13.040000000000001							110581.0	56773.0	54710.0	125998.0	107559.0									
ohio	2019	4	5	0.0	2.0	1.0	0.0	0.0	4.0	0.0	2.0	0.0	3.0	13.178571428571429							135478.0	76030.0	68638.0	167913.0	142480.0									
ohio	2018	0	1	0.0	0.0	0.0	0.0	0.0	1.0	0.0	0.0	0.0	1.0	13.166666666666666							99444.0	62850.0	56636.0	128454.0	103494.0									
ohio	2017	0	1	0.0	0.0	0.0	0.0	0.0	1.0	0.0	0.0	0.0	1.0	12.883333333333333							89312.0	62447.0	51911.0	110379.0	98584.0									
ohio	2015	1	2	0.0	1.0	0.0	0.0	0.0	0.0	0.0	0.0	1.0	0.0	13.422222222222222																				
oklahoma	2025	1	1	0.0	1.0	0.0	0.0	0.0	0.0	0.0	0.0	0.0	0.0	12.816666666666666																				
oklahoma	2023	1	2	0.0	1.0	0.0	0.0	0.0	2.0	0.0	0.0	1.0	0.0	12.783333333333333				414.0	38.0	413.6834751582703						33.268587413552545	0.2106138105425173	359.0431644324853	9.138489424824526	7.760024801941726	0.6041590785907859	0.0	0.0	1.0673110881102488
oklahoma	2021	0	1	0.0	0.0	0.0	0.0	0.0	0.0	0.0	0.0	0.0	0.0	12.733333333333334							18266.0	4456.0	10093.0	37911.0	24716.0									
oklahoma	2018	1	0	0.0	0.0	0.0	0.0	0.0	0.0	0.0	0.0	0.0	0.0	13.2							16681.0	4448.0	11310.0	34582.0	18456.0									
oklahoma	2017	1	1	0.0	0.0	0.0	0.0	0.0	1.0	0.0	0.0	1.0	0.0	12.85							14874.0	4346.0	11880.0	32949.0	15252.0									
oklahoma	2016	0	0	0.0	1.0	0.0	0.0	0.0	0.0	0.0	1.0	0.0	0.0	12.666666666666666																				
oregon	2024	0	0	0.0	1.0	0.0	0.0	0.0	0.0	0.0	0.0	1.0	0.0	12.925																				
oregon	2022	0	0	0.0	0.0	0.0	0.0	0.0	0.0	0.0	1.0	0.0	0.0	12.883333333333333							71685.0	19061.0	13104.0	50614.0	65935.0									
oregon	2020	0	2	0.0	0.0	0.0	0.0	0.0	1.0	0.0	1.0	0.0	0.0	12.925							57603.0	16165.0	12511.0	45303.0	54544.0									
oregon	2016	2	2	0.0	1.0	0.0	0.0	0.0	1.0	0.0	0.0	0.0	0.0	12.891666666666666																				
pennsylvania	2025	1	1	0.0	0.0	0.0	0.0	0.0	0.0	0.0	0.0	0.0	1.0	13.225000000000001																				
pennsylvania	2024	1	2	0.0	1.0	0.0	0.0	0.0	2.0	0.0	0.0	0.0	3.0	13.138888888888891																				
pennsylvania	2023	1	2	0.0	1.0	0.0	0.0	0.0	1.0	0.0	0.0	0.0	1.0	13.027777777777777				266.0	50.0	266.4314502985453						29.18042015272897	0.7297834825543748	311.21020389649925	10.339431806735126	8.015702479338843	1.0376434580570943	0.0076921479323121	1.5093511639565949	0.33660984776775
pennsylvania	2022	3	1	0.0	1.0	0.0	0.0	0.0	1.0	0.0	0.0	0.0	1.0	13.154166666666667							102162.0	61764.0	52804.0	130776.0	87420.0									
pennsylvania	2021	0	3	0.0	1.0	0.0	0.0	0.0	1.0	0.0	0.0	0.0	3.0	13.066666666666668							89291.0	63418.0	53028.0	134097.0	92316.0									
pennsylvania	2020	2	3	0.0	1.0	1.0	0.0	0.0	3.0	0.0	0.0	0.0	2.0	13.170833333333333							99063.0	71516.0	57481.0	145620.0	96103.0									
pennsylvania	2019	3	4	0.0	0.0	0.0	0.0	0.0	2.0	0.0	1.0	1.0	1.0	13.061111111111112							94755.0	73477.0	56780.0	144238.0	94898.0									
pennsylvania	2018	0	1	0.0	1.0	0.0	0.0	0.0	1.0	0.0	0.0	0.0	0.0	13.066666666666666							85574.0	73070.0	57437.0	141122.0	85862.0									
pennsylvania	2017	0	1	0.0	2.0	0.0	0.0	0.0	0.0	0.0	0.0	0.0	1.0	13.170833333333333							75282.0	75136.0	74253.0	145967.0	79222.0									
pennsylvania	2016	0	1	0.0	0.0	0.0	0.0	0.0	1.0	0.0	0.0	1.0	0.0	13.166666666666666																				
pennsylvania	2015	1	0	0.0	0.0	0.0	0.0	0.0	0.0	0.0	1.0	0.0	0.0	13.038888888888886																				
rhode island	2024	1	0	0.0	1.0	0.0	0.0	0.0	0.0	0.0	0.0	1.0	0.0																					
rhode island	2021	0	1	0.0	1.0	0.0	0.0	0.0	1.0	0.0	0.0	0.0	0.0								10268.0	3727.0	4020.0	13004.0	8457.0									
rhode island	2020	0	1	0.0	0.0	1.0	0.0	0.0	0.0	0.0	0.0	0.0	0.0								10658.0	3728.0	4178.0	13272.0	5577.0									
rhode island	2015	0	1	0.0	1.0	0.0	0.0	0.0	1.0	0.0	1.0	0.0	0.0																					
south carolina	2025	0	0	0.0	0.0	0.0	0.0	0.0	0.0	0.0	0.0	0.0	0.0																					
south carolina	2023	1	2	0.0	1.0	0.0	0.0	0.0	2.0	0.0	0.0	0.0	0.0					471.0	48.0	471.0475653454743						28.512677521357027	0.1701967863386309	125.8970879120879	8.781919288842122	6.126666666666667	0.2614834710743801	0.0195372599969717	3.4856456087566	0.6833856210622118
south carolina	2022	1	3	0.0	0.0	0.0	0.0	0.0	1.0	0.0	0.0	1.0	1.0								27210.0	15887.0	12563.0	31362.0	28344.0									
south carolina	2020	1	1	0.0	0.0	0.0	0.0	0.0	0.0	0.0	0.0	0.0	0.0								22883.0	16758.0	12156.0	29935.0	25249.0									
south carolina	2018	0	1	0.0	0.0	0.0	0.0	0.0	0.0	0.0	0.0	2.0	1.0								17960.0	15297.0	11404.0	25659.0	18165.0									
south carolina	2015	0	1	0.0	1.0	0.0	0.0	0.0	0.0	0.0	0.0	0.0	1.0																					
south dakota	2023	0	1	0.0	0.0	0.0	0.0	0.0	0.0	0.0	0.0	0.0	1.0					350.0	55.0	349.7157675581246						34.601957664760135	0.0904822566536203	243.72951234567896	7.180608826018921	5.214876033057851	0.6147992424242423	0.0	0.0	3.410537054231364
south dakota	2021	1	0	0.0	0.0	0.0	0.0	0.0	0.0	0.0	0.0	0.0	0.0								3394.0	1369.0	1065.0	4523.0	3603.0									
south dakota	2019	0	1	0.0	0.0	0.0	0.0	0.0	0.0	0.0	0.0	0.0	1.0								1635.0	1163.0	1440.0	3861.0	4084.0									
south dakota	2015	0	0	0.0	1.0	0.0	0.0	0.0	0.0	0.0	0.0	0.0	1.0																					
tennessee	2025	0	1	0.0	0.0	0.0	0.0	0.0	1.0	0.0	1.0	0.0	0.0	12.825																				
tennessee	2024	0	1	0.0	1.0	0.0	0.0	0.0	0.0	0.0	0.0	0.0	0.0	13.516666666666667																				
tennessee	2023	0	0	0.0	1.0	0.0	0.0	0.0	0.0	0.0	0.0	1.0	1.0	13.341666666666669				628.0	39.0	628.2055581647569						32.02841115038613	1.229956842619584	275.12779679712975	8.630155583665509	9.28246793372093	0.4265591397849462	0.0	0.0	0.6516614235073088
tennessee	2021	0	0	0.0	1.0	0.0	0.0	0.0	0.0	0.0	0.0	0.0	1.0	13.091666666666667																				
tennessee	2020	0	1	0.0	0.0	0.0	0.0	0.0	1.0	0.0	0.0	0.0	0.0	13.533333333333331																				
tennessee	2019	1	1	0.0	0.0	0.0	0.0	0.0	0.0	0.0	0.0	1.0	1.0	13.191666666666666																				
tennessee	2017	1	2	0.0	1.0	0.0	0.0	0.0	1.0	0.0	0.0	0.0	1.0	13.358333333333333																				
tennessee	2016	0	1	0.0	1.0	0.0	0.0	0.0	0.0	0.0	1.0	0.0	0.0	13.466666666666669																				
tennessee	2015	2	2	0.0	0.0	0.0	0.0	0.0	1.0	0.0	0.0	0.0	1.0	13.183333333333334																				
texas	2025	0	2	0.0	1.0	0.0	0.0	0.0	1.0	0.0	0.0	0.0	0.0	12.583333333333332																				
texas	2024	1	2	0.0	0.0	0.0	0.0	0.0	0.0	0.0	0.0	0.0	0.0	12.858333333333334																				
texas	2023	0	1	0.0	2.0	0.0	0.0	0.0	0.0	0.0	1.0	0.0	0.0	12.9				406.0	33.0	406.0413002514056						29.279912255283584	0.8831743690376112	282.2303241332472	9.438844747021363	10.611835906827125	0.4344364226682408	0.0	0.0	0.1321965437921275
texas	2021	1	4	0.0	4.0	0.0	0.0	0.0	1.0	0.0	0.0	0.0	4.0	13.088095238095237							91394.0	41472.0	76277.0	116457.0	62688.0									
texas	2020	2	4	0.0	1.0	0.0	0.0	0.0	2.0	0.0	1.0	0.0	1.0	13.003333333333334							80958.0	42611.0	73798.0	108376.0	59398.0									
texas	2019	1	2	0.0	0.0	0.0	0.0	0.0	2.0	0.0	0.0	1.0	1.0	13.125							71044.0	42984.0	73341.0	104727.0	55037.0									
texas	2018	0	2	0.0	1.0	0.0	0.0	0.0	2.0	0.0	0.0	0.0	0.0	12.933333333333334							59735.0	41940.0	69144.0	98622.0	47672.0									
texas	2017	1	3	0.0	2.0	0.0	0.0	0.0	2.0	0.0	0.0	1.0	0.0	12.806666666666667							50600.0	39743.0	69240.0	94968.0	40636.0									
texas	2016	0	2	0.0	2.0	0.0	0.0	0.0	0.0	0.0	0.0	0.0	0.0	12.777777777777779																				
texas	2015	1	0	0.0	2.0	0.0	0.0	0.0	0.0	0.0	0.0	0.0	0.0	12.705555555555556																				
utah	2024	0	1	0.0	0.0	0.0	0.0	0.0	1.0	0.0	0.0	0.0	1.0	12.783333333333331																				
utah	2021	1	0	0.0	0.0	0.0	0.0	0.0	0.0	0.0	0.0	0.0	0.0	12.633333333333333							22613.0	5225.0	4868.0	18225.0	11159.0									
utah	2020	0	2	0.0	0.0	0.0	0.0	0.0	1.0	0.0	1.0	0.0	1.0	12.744444444444445							21525.0	5149.0	4655.0	16790.0	10866.0									
utah	2019	0	0	0.0	0.0	0.0	0.0	0.0	0.0	0.0	0.0	0.0	0.0	12.783333333333331							19902.0	5544.0	4476.0	15896.0	10349.0									
utah	2018	1	0	0.0	0.0	0.0	0.0	0.0	0.0	0.0	0.0	0.0	1.0	12.5							19365.0	5925.0	4483.0	15425.0	10101.0									
vermont	2023	0	0	0.0	0.0	0.0	0.0	0.0	1.0	0.0	0.0	1.0	1.0	12.666666666666668				210.0	76.0	210.3591859933525						28.9669197799917	0.1576705799391172	208.4781646118722	6.660633737136899	3.826997245179064	0.4142617079889807	0.1555023737437352	42.999443495879966	9.595439757850428
vermont	2020	0	1	0.0	0.0	0.0	0.0	0.0	1.0	0.0	0.0	0.0	1.0	12.783333333333331							4894.0	2595.0	1336.0	5154.0	9848.0									
vermont	2019	1	3	0.0	1.0	0.0	0.0	0.0	2.0	0.0	1.0	0.0	1.0	12.783333333333331							4722.0	2482.0	1414.0	5286.0	9829.0									
vermont	2016	1	1	0.0	1.0	0.0	0.0	0.0	1.0	0.0	1.0	0.0	0.0	12.783333333333331																				
vermont	2015	1	1	0.0	0.0	0.0	0.0	0.0	2.0	0.0	0.0	0.0	1.0	12.633333333333333																				
virginia	2025	0	1	0.0	0.0	0.0	0.0	0.0	0.0	0.0	1.0	0.0	1.0	12.75																				
virginia	2023	0	1	0.0	0.0	0.0	0.0	0.0	1.0	0.0	0.0	1.0	0.0	12.8				236.0	54.0	236.2289285379094						29.355683118940277	0.6318332045254034	280.7960993146808	8.621376175667129	6.693963415779467	0.3928168044077135	0.0	0.0	0.5020728436249052
virginia	2022	0	1	0.0	1.0	0.0	0.0	0.0	0.0	0.0	0.0	0.0	0.0	12.716666666666669							39855.0	21490.0	23321.0	45642.0	32730.0									
virginia	2021	1	1	0.0	1.0	0.0	0.0	0.0	1.0	0.0	1.0	0.0	1.0	12.8							38925.0	21191.0	24378.0	46699.0	31586.0									
virginia	2020	0	2	0.0	2.0	0.0	0.0	0.0	2.0	0.0	0.0	1.0	2.0	12.754166666666666							35938.0	22317.0	24774.0	46993.0	31908.0									
virginia	2019	1	1	0.0	1.0	0.0	0.0	0.0	1.0	0.0	0.0	1.0	0.0	12.794444444444444							33727.0	22589.0	24268.0	45574.0	30368.0									
virginia	2017	1	1	0.0	0.0	0.0	0.0	0.0	1.0	0.0	0.0	0.0	0.0	12.566666666666666							28846.0	20748.0	22266.0	40095.0	24122.0									
virginia	2015	0	0	0.0	0.0	0.0	0.0	0.0	0.0	0.0	0.0	0.0	1.0	12.616666666666667																				
washington	2023	2	2	0.0	0.0	0.0	0.0	0.0	1.0	0.0	1.0	0.0	0.0	13.0				357.0	40.0	357.2178249249957						28.587777800727316	0.3429870121009009	206.9727831050228	7.291708409636129	6.106635965030937	0.3278911055886262	0.0129781120247269	5.678316902881284	1.600001538723744
washington	2021	0	1	0.0	0.0	1.0	0.0	0.0	0.0	0.0	0.0	0.0	0.0	13.0							64073.0	20635.0	15153.0	56742.0	40919.0									
washington	2020	1	1	0.0	0.0	0.0	0.0	0.0	0.0	0.0	0.0	0.0	0.0	13.083333333333334							50877.0	17426.0	14041.0	48710.0	37648.0									
washington	2019	1	1	0.0	1.0	0.0	0.0	0.0	1.0	0.0	0.0	1.0	0.0	13.108333333333334							33516.0	11980.0	11796.0	36601.0	29360.0									
washington	2018	0	1	0.0	0.0	0.0	0.0	0.0	1.0	0.0	0.0	0.0	0.0	13.133333333333333							19701.0	6485.0	9616.0	25787.0	20804.0									
washington	2015	0	1	0.0	0.0	0.0	0.0	0.0	0.0	0.0	0.0	0.0	0.0	13.033333333333331																				
west virginia	2022	1	1	0.0	1.0	0.0	0.0	0.0	1.0	0.0	0.0	0.0	0.0	13.233333333333333							5068.0	768.0	1221.0	3491.0	1681.0									
west virginia	2019	0	1	0.0	0.0	0.0	0.0	0.0	0.0	0.0	0.0	0.0	0.0	13.066666666666666																				
west virginia	2018	0	0	0.0	1.0	0.0	0.0	0.0	0.0	0.0	0.0	0.0	1.0	13.166666666666666							17561.0	4901.0	6937.0	16900.0	6021.0									
west virginia	2016	1	1	0.0	1.0	0.0	0.0	0.0	1.0	0.0	0.0	0.0	2.0	13.183333333333334																				
west virginia	2015	0	1	0.0	0.0	0.0	0.0	0.0	1.0	0.0	0.0	0.0	1.0	13.266666666666667																				
wisconsin	2025	1	0	0.0	0.0	0.0	0.0	0.0	0.0	0.0	1.0	0.0	0.0	13.1																				
wisconsin	2024	1	0	0.0	0.0	1.0	0.0	0.0	0.0	0.0	0.0	1.0	0.0	13.283333333333331																				
wisconsin	2023	0	1	0.0	0.0	0.0	0.0	0.0	0.0	0.0	1.0	0.0	0.0	13.016666666666667				289.0	52.0	288.5658916367998						34.03241226366354	0.6192196691606116	252.52605753424655	9.545831206862813	5.0486956521739135	1.2618490358126724	0.01696721831618	2.877467903113111	0.6686539936255739
wisconsin	2021	0	1	0.0	1.0	0.0	0.0	0.0	0.0	0.0	0.0	0.0	0.0	13.75							13145.0	3826.0	5734.0	12345.0	7286.0									
wisconsin	2020	0	1	0.0	0.0	0.0	0.0	0.0	0.0	0.0	1.0	0.0	0.0	13.216666666666669							14658.0	3910.0	5983.0	12820.0	7856.0									
wisconsin	2019	0	2	0.0	3.0	0.0	0.0	0.0	0.0	0.0	0.0	0.0	2.0	13.299999999999999							13132.0	3917.0	6214.0	12152.0	7821.0									
wisconsin	2017	0	0	0.0	1.0	0.0	0.0	0.0	0.0	0.0	0.0	0.0	0.0	13.3							11152.0	3186.0	6327.0	12009.0	7449.0									
wyoming	2021	0	0	0.0	0.0	0.0	0.0	0.0	0.0	0.0	0.0	1.0	0.0	13.0							4421.0	1158.0	1571.0	5176.0	3476.0									
wyoming	2020	0	1	0.0	1.0	0.0	0.0	0.0	1.0	0.0	0.0	0.0	1.0	13.033333333333331							4636.0	1321.0	1671.0	5861.0	3860.0									
